2024-09-03T00:00:58Z,swimmingpool,25,180
2024-09-03T00:01:59Z,swimmingpool,25,180
2024-09-03T00:02:59Z,swimmingpool,25,180
2024-09-03T00:03:58Z,swimmingpool,25,180
2024-09-03T00:04:58Z,swimmingpool,25,180
2024-09-03T00:05:59Z,swimmingpool,25,180
2024-09-03T00:06:58Z,swimmingpool,25,180
2024-09-03T00:07:59Z,swimmingpool,26,180
2024-09-03T00:08:58Z,swimmingpool,26,180
2024-09-03T00:09:59Z,swimmingpool,26,180
2024-09-03T00:10:59Z,swimmingpool,26,180
2024-09-03T00:11:59Z,swimmingpool,26,180
2024-09-03T00:12:58Z,swimmingpool,27,180
2024-09-03T00:13:58Z,swimmingpool,27,180
2024-09-03T00:14:58Z,swimmingpool,27,180
2024-09-03T00:15:59Z,swimmingpool,27,180
2024-09-03T00:16:58Z,swimmingpool,27,180
2024-09-03T00:17:59Z,swimmingpool,27,180
2024-09-03T00:18:59Z,swimmingpool,28,180
2024-09-03T00:19:58Z,swimmingpool,28,180
2024-09-03T00:20:59Z,swimmingpool,27,180
2024-09-03T00:21:58Z,swimmingpool,27,180
2024-09-03T00:22:59Z,swimmingpool,29,180
2024-09-03T00:23:58Z,swimmingpool,31,180
2024-09-03T00:24:58Z,swimmingpool,31,180
2024-09-03T00:25:58Z,swimmingpool,31,180
2024-09-03T00:26:58Z,swimmingpool,31,180
2024-09-03T00:27:59Z,swimmingpool,31,180
2024-09-03T00:28:58Z,swimmingpool,31,180
2024-09-03T00:29:58Z,swimmingpool,31,180
2024-09-03T00:30:58Z,swimmingpool,31,180
2024-09-03T00:31:58Z,swimmingpool,31,180
2024-09-03T00:32:59Z,swimmingpool,31,180
2024-09-03T00:33:58Z,swimmingpool,32,180
2024-09-03T00:34:58Z,swimmingpool,32,180
2024-09-03T00:35:59Z,swimmingpool,35,180
2024-09-03T00:36:58Z,swimmingpool,37,180
2024-09-03T00:37:59Z,swimmingpool,37,180
2024-09-03T00:38:59Z,swimmingpool,39,180
2024-09-03T00:39:59Z,swimmingpool,39,180
2024-09-03T00:40:58Z,swimmingpool,39,180
2024-09-03T00:41:59Z,swimmingpool,39,180
2024-09-03T00:42:58Z,swimmingpool,39,180
2024-09-03T00:43:58Z,swimmingpool,41,180
2024-09-03T00:44:59Z,swimmingpool,41,180
2024-09-03T00:45:59Z,swimmingpool,44,180
2024-09-03T00:46:59Z,swimmingpool,50,180
2024-09-03T00:47:58Z,swimmingpool,50,180
2024-09-03T00:48:58Z,swimmingpool,51,180
2024-09-03T00:49:58Z,swimmingpool,50,180
2024-09-03T00:50:58Z,swimmingpool,49,180
2024-09-03T00:51:58Z,swimmingpool,49,180
2024-09-03T00:52:58Z,swimmingpool,48,180
2024-09-03T00:53:58Z,swimmingpool,48,180
2024-09-03T00:54:59Z,swimmingpool,48,180
2024-09-03T00:55:58Z,swimmingpool,46,180
2024-09-03T00:56:58Z,swimmingpool,46,180
2024-09-03T00:57:58Z,swimmingpool,46,180
2024-09-03T00:58:58Z,swimmingpool,44,180
2024-09-03T00:59:58Z,swimmingpool,44,180
2024-09-03T01:00:58Z,swimmingpool,44,180
2024-09-03T01:01:58Z,swimmingpool,44,180
2024-09-03T01:02:59Z,swimmingpool,44,180
2024-09-03T01:03:59Z,swimmingpool,44,180
2024-09-03T01:04:59Z,swimmingpool,42,180
2024-09-03T01:05:59Z,swimmingpool,42,180
2024-09-03T01:06:58Z,swimmingpool,42,180
2024-09-03T01:07:58Z,swimmingpool,43,180
2024-09-03T01:08:58Z,swimmingpool,43,180
2024-09-03T01:09:59Z,swimmingpool,43,180
2024-09-03T01:10:59Z,swimmingpool,43,180
2024-09-03T01:11:58Z,swimmingpool,43,180
2024-09-03T01:12:58Z,swimmingpool,43,180
2024-09-03T01:13:58Z,swimmingpool,43,180
2024-09-03T01:14:58Z,swimmingpool,42,180
2024-09-03T01:15:58Z,swimmingpool,44,180
2024-09-03T01:16:58Z,swimmingpool,44,180
2024-09-03T01:17:58Z,swimmingpool,45,180
2024-09-03T01:18:59Z,swimmingpool,45,180
2024-09-03T01:19:59Z,swimmingpool,45,180
2024-09-03T01:20:59Z,swimmingpool,46,180
2024-09-03T01:21:59Z,swimmingpool,46,180
2024-09-03T01:22:58Z,swimmingpool,46,180
2024-09-03T01:23:58Z,swimmingpool,46,180
2024-09-03T01:24:58Z,swimmingpool,45,180
2024-09-03T01:25:59Z,swimmingpool,45,180
2024-09-03T01:26:59Z,swimmingpool,44,180
2024-09-03T01:27:58Z,swimmingpool,44,180
2024-09-03T01:28:59Z,swimmingpool,44,180
2024-09-03T01:30:00Z,swimmingpool,44,180
2024-09-03T01:30:59Z,swimmingpool,44,180
2024-09-03T01:31:59Z,swimmingpool,44,180
2024-09-03T01:32:59Z,swimmingpool,41,180
2024-09-03T01:33:59Z,swimmingpool,41,180
2024-09-03T01:34:58Z,swimmingpool,40,180
2024-09-03T01:35:59Z,swimmingpool,39,180
2024-09-03T01:36:58Z,swimmingpool,40,180
2024-09-03T01:37:58Z,swimmingpool,40,180
2024-09-03T01:38:59Z,swimmingpool,40,180
2024-09-03T01:39:59Z,swimmingpool,39,180
2024-09-03T01:40:59Z,swimmingpool,39,180
2024-09-03T01:41:58Z,swimmingpool,39,180
2024-09-03T01:42:59Z,swimmingpool,43,180
2024-09-03T01:43:58Z,swimmingpool,43,180
2024-09-03T01:44:59Z,swimmingpool,41,180
2024-09-03T01:45:58Z,swimmingpool,41,180
2024-09-03T01:46:59Z,swimmingpool,40,180
2024-09-03T01:47:59Z,swimmingpool,40,180
2024-09-03T01:48:58Z,swimmingpool,38,180
2024-09-03T01:49:59Z,swimmingpool,36,180
2024-09-03T01:50:59Z,swimmingpool,36,180
2024-09-03T01:51:59Z,swimmingpool,36,180
2024-09-03T01:52:59Z,swimmingpool,31,180
2024-09-03T01:53:59Z,swimmingpool,33,180
2024-09-03T01:54:58Z,swimmingpool,34,180
2024-09-03T01:55:58Z,swimmingpool,34,180
2024-09-03T01:56:58Z,swimmingpool,34,180
2024-09-03T01:57:58Z,swimmingpool,34,180
2024-09-03T01:58:58Z,swimmingpool,33,180
2024-09-03T01:59:58Z,swimmingpool,34,180
2024-09-03T02:00:59Z,swimmingpool,36,180
2024-09-03T02:01:59Z,swimmingpool,39,180
2024-09-03T02:02:59Z,swimmingpool,39,180
2024-09-03T02:03:59Z,swimmingpool,39,180
2024-09-03T02:04:58Z,swimmingpool,40,180
2024-09-03T02:05:58Z,swimmingpool,40,180
2024-09-03T02:06:58Z,swimmingpool,40,180
2024-09-03T02:07:58Z,swimmingpool,41,180
2024-09-03T02:08:59Z,swimmingpool,41,180
2024-09-03T02:09:59Z,swimmingpool,41,180
2024-09-03T02:10:58Z,swimmingpool,42,180
2024-09-03T02:11:59Z,swimmingpool,42,180
2024-09-03T02:12:58Z,swimmingpool,44,180
2024-09-03T02:13:59Z,swimmingpool,44,180
2024-09-03T02:14:59Z,swimmingpool,45,180
2024-09-03T02:15:59Z,swimmingpool,47,180
2024-09-03T02:16:59Z,swimmingpool,47,180
2024-09-03T02:17:59Z,swimmingpool,47,180
2024-09-03T02:18:59Z,swimmingpool,44,180
2024-09-03T02:19:59Z,swimmingpool,44,180
2024-09-03T02:20:58Z,swimmingpool,44,180
2024-09-03T02:21:59Z,swimmingpool,44,180
2024-09-03T02:22:58Z,swimmingpool,45,180
2024-09-03T02:23:59Z,swimmingpool,46,180
2024-09-03T02:24:58Z,swimmingpool,46,180
2024-09-03T02:25:58Z,swimmingpool,46,180
2024-09-03T02:26:59Z,swimmingpool,46,180
2024-09-03T02:27:59Z,swimmingpool,45,180
2024-09-03T02:28:59Z,swimmingpool,44,180
2024-09-03T02:29:59Z,swimmingpool,45,180
2024-09-03T02:30:58Z,swimmingpool,45,180
2024-09-03T02:31:59Z,swimmingpool,44,180
2024-09-03T02:32:58Z,swimmingpool,43,180
2024-09-03T02:33:59Z,swimmingpool,43,180
2024-09-03T02:34:58Z,swimmingpool,43,180
2024-09-03T02:35:59Z,swimmingpool,45,180
2024-09-03T02:36:58Z,swimmingpool,45,180
2024-09-03T02:37:58Z,swimmingpool,45,180
2024-09-03T02:38:59Z,swimmingpool,44,180
2024-09-03T02:39:59Z,swimmingpool,43,180
2024-09-03T02:40:58Z,swimmingpool,43,180
2024-09-03T02:41:58Z,swimmingpool,45,180
2024-09-03T02:42:58Z,swimmingpool,45,180
2024-09-03T02:43:59Z,swimmingpool,46,180
2024-09-03T02:44:58Z,swimmingpool,46,180
2024-09-03T02:45:59Z,swimmingpool,46,180
2024-09-03T02:46:59Z,swimmingpool,46,180
2024-09-03T02:47:59Z,swimmingpool,45,180
2024-09-03T02:48:58Z,swimmingpool,45,180
2024-09-03T02:49:58Z,swimmingpool,45,180
2024-09-03T02:50:59Z,swimmingpool,45,180
2024-09-03T02:51:58Z,swimmingpool,47,180
2024-09-03T02:52:58Z,swimmingpool,47,180
2024-09-03T02:53:59Z,swimmingpool,46,180
2024-09-03T02:54:58Z,swimmingpool,47,180
2024-09-03T02:55:59Z,swimmingpool,47,180
2024-09-03T02:56:58Z,swimmingpool,48,180
2024-09-03T02:57:59Z,swimmingpool,49,180
2024-09-03T02:58:58Z,swimmingpool,50,180
2024-09-03T02:59:59Z,swimmingpool,50,180
2024-09-03T03:00:59Z,swimmingpool,49,180
2024-09-03T03:01:59Z,swimmingpool,49,180
2024-09-03T03:02:59Z,swimmingpool,49,180
2024-09-03T03:03:59Z,swimmingpool,48,180
2024-09-03T03:04:59Z,swimmingpool,47,180
2024-09-03T03:05:58Z,swimmingpool,47,180
2024-09-03T03:06:58Z,swimmingpool,46,180
2024-09-03T03:07:59Z,swimmingpool,46,180
2024-09-03T03:08:59Z,swimmingpool,46,180
2024-09-03T03:09:58Z,swimmingpool,46,180
2024-09-03T03:10:58Z,swimmingpool,46,180
2024-09-03T03:11:58Z,swimmingpool,46,180
2024-09-03T03:12:59Z,swimmingpool,45,180
2024-09-03T03:13:59Z,swimmingpool,45,180
2024-09-03T03:14:58Z,swimmingpool,43,180
2024-09-03T03:15:59Z,swimmingpool,42,180
2024-09-03T03:16:59Z,swimmingpool,42,180
2024-09-03T03:17:59Z,swimmingpool,43,180
2024-09-03T03:18:59Z,swimmingpool,43,180
2024-09-03T03:19:59Z,swimmingpool,43,180
2024-09-03T03:20:58Z,swimmingpool,43,180
2024-09-03T03:21:58Z,swimmingpool,42,180
2024-09-03T03:22:59Z,swimmingpool,42,180
2024-09-03T03:23:59Z,swimmingpool,42,180
2024-09-03T03:24:58Z,swimmingpool,42,180
2024-09-03T03:25:58Z,swimmingpool,41,180
2024-09-03T03:26:59Z,swimmingpool,40,180
2024-09-03T03:27:59Z,swimmingpool,38,180
2024-09-03T03:28:58Z,swimmingpool,37,180
2024-09-03T03:29:58Z,swimmingpool,36,180
2024-09-03T03:30:59Z,swimmingpool,36,180
2024-09-03T03:31:59Z,swimmingpool,36,180
2024-09-03T03:32:58Z,swimmingpool,36,180
2024-09-03T03:33:59Z,swimmingpool,36,180
2024-09-03T03:34:58Z,swimmingpool,36,180
2024-09-03T03:35:59Z,swimmingpool,36,180
2024-09-03T03:36:59Z,swimmingpool,36,180
2024-09-03T03:37:58Z,swimmingpool,35,180
2024-09-03T03:38:59Z,swimmingpool,35,180
2024-09-03T03:39:58Z,swimmingpool,34,180
2024-09-03T03:40:59Z,swimmingpool,34,180
2024-09-03T03:41:58Z,swimmingpool,33,180
2024-09-03T03:42:58Z,swimmingpool,33,180
2024-09-03T03:43:58Z,swimmingpool,31,180
2024-09-03T03:44:59Z,swimmingpool,31,180
2024-09-03T03:45:58Z,swimmingpool,31,180
2024-09-03T03:46:59Z,swimmingpool,30,180
2024-09-03T03:47:58Z,swimmingpool,28,180
2024-09-03T03:48:59Z,swimmingpool,28,180
2024-09-03T03:49:58Z,swimmingpool,26,180
2024-09-03T03:50:58Z,swimmingpool,25,180
2024-09-03T03:51:58Z,swimmingpool,26,180
2024-09-03T03:52:59Z,swimmingpool,26,180
2024-09-03T03:53:59Z,swimmingpool,26,180
2024-09-03T03:54:59Z,swimmingpool,25,180
2024-09-03T03:55:59Z,swimmingpool,25,180
2024-09-03T03:56:58Z,swimmingpool,24,180
2024-09-03T03:57:58Z,swimmingpool,24,180
2024-09-03T03:58:59Z,swimmingpool,24,180
2024-09-03T03:59:59Z,swimmingpool,24,180
2024-09-03T04:00:58Z,swimmingpool,24,180
2024-09-03T04:01:58Z,swimmingpool,24,180
2024-09-03T04:02:58Z,swimmingpool,23,180
2024-09-03T04:03:59Z,swimmingpool,22,180
2024-09-03T04:04:58Z,swimmingpool,21,180
2024-09-03T04:05:58Z,swimmingpool,18,180
2024-09-03T04:06:59Z,swimmingpool,18,180
2024-09-03T04:07:58Z,swimmingpool,18,180
2024-09-03T04:08:58Z,swimmingpool,16,180
2024-09-03T04:09:58Z,swimmingpool,11,180
2024-09-03T04:10:58Z,swimmingpool,10,180
2024-09-03T04:11:59Z,swimmingpool,10,180
2024-09-03T04:12:59Z,swimmingpool,10,180
2024-09-03T04:13:59Z,swimmingpool,10,180
2024-09-03T04:14:58Z,swimmingpool,10,180
2024-09-03T04:15:59Z,swimmingpool,10,180
2024-09-03T04:16:59Z,swimmingpool,10,180
2024-09-03T04:17:58Z,swimmingpool,10,180
2024-09-03T04:18:59Z,swimmingpool,9,180
2024-09-03T04:19:59Z,swimmingpool,9,180
2024-09-03T04:20:58Z,swimmingpool,9,180
2024-09-03T04:21:58Z,swimmingpool,9,180
2024-09-03T04:22:59Z,swimmingpool,9,180
2024-09-03T04:23:59Z,swimmingpool,9,180
2024-09-03T04:24:59Z,swimmingpool,9,180
2024-09-03T04:25:59Z,swimmingpool,9,180
2024-09-03T04:26:59Z,swimmingpool,10,180
2024-09-03T04:27:58Z,swimmingpool,9,180
2024-09-03T04:28:58Z,swimmingpool,1,180
2024-09-03T04:29:59Z,swimmingpool,2,180
2024-09-03T04:30:58Z,swimmingpool,6,180
2024-09-03T04:31:58Z,swimmingpool,6,180
2024-09-03T04:32:59Z,swimmingpool,6,180
2024-09-03T04:33:59Z,swimmingpool,6,180
2024-09-03T04:34:59Z,swimmingpool,6,180
2024-09-03T04:35:58Z,swimmingpool,6,180
2024-09-03T04:36:59Z,swimmingpool,6,180
2024-09-03T04:37:59Z,swimmingpool,6,180
2024-09-03T04:38:58Z,swimmingpool,6,180
2024-09-03T04:39:58Z,swimmingpool,6,180
2024-09-03T04:40:59Z,swimmingpool,7,180
2024-09-03T04:41:59Z,swimmingpool,7,180
2024-09-03T04:42:58Z,swimmingpool,7,180
2024-09-03T04:43:58Z,swimmingpool,7,180
2024-09-03T04:44:59Z,swimmingpool,6,180
2024-09-03T04:45:58Z,swimmingpool,6,180
2024-09-03T04:46:59Z,swimmingpool,7,180
2024-09-03T04:47:59Z,swimmingpool,8,180
2024-09-03T04:48:59Z,swimmingpool,8,180
2024-09-03T04:49:59Z,swimmingpool,8,180
2024-09-03T04:50:58Z,swimmingpool,8,180
2024-09-03T04:51:58Z,swimmingpool,8,180
2024-09-03T04:52:58Z,swimmingpool,8,180
2024-09-03T04:53:59Z,swimmingpool,8,180
2024-09-03T04:54:58Z,swimmingpool,8,180
2024-09-03T04:55:59Z,swimmingpool,8,180
2024-09-03T04:56:59Z,swimmingpool,8,180
2024-09-03T04:57:59Z,swimmingpool,8,180
2024-09-03T04:58:59Z,swimmingpool,8,180
2024-09-03T04:59:58Z,swimmingpool,10,180
2024-09-03T05:00:58Z,swimmingpool,10,180
2024-09-03T05:01:58Z,swimmingpool,10,180
2024-09-03T05:02:58Z,swimmingpool,11,180
2024-09-03T05:03:58Z,swimmingpool,11,180
2024-09-03T05:04:58Z,swimmingpool,11,180
2024-09-03T05:05:58Z,swimmingpool,14,180
2024-09-03T05:06:59Z,swimmingpool,14,180
2024-09-03T05:07:59Z,swimmingpool,14,180
2024-09-03T05:08:59Z,swimmingpool,14,180
2024-09-03T05:09:58Z,swimmingpool,14,180
2024-09-03T05:10:58Z,swimmingpool,14,180
2024-09-03T05:11:58Z,swimmingpool,14,180
2024-09-03T05:12:59Z,swimmingpool,14,180
2024-09-03T05:13:59Z,swimmingpool,14,180
2024-09-03T05:14:58Z,swimmingpool,15,180
2024-09-03T05:15:59Z,swimmingpool,16,180
2024-09-03T05:16:58Z,swimmingpool,17,180
2024-09-03T05:17:59Z,swimmingpool,17,180
2024-09-03T05:18:58Z,swimmingpool,17,180
2024-09-03T05:19:58Z,swimmingpool,18,180
2024-09-03T05:20:59Z,swimmingpool,18,180
2024-09-03T05:21:58Z,swimmingpool,18,180
2024-09-03T05:22:58Z,swimmingpool,19,180
2024-09-03T05:23:59Z,swimmingpool,20,180
2024-09-03T05:24:58Z,swimmingpool,20,180
2024-09-03T05:25:58Z,swimmingpool,20,180
2024-09-03T05:26:59Z,swimmingpool,20,180
2024-09-03T05:27:58Z,swimmingpool,19,180
2024-09-03T05:28:58Z,swimmingpool,18,180
2024-09-03T05:29:59Z,swimmingpool,18,180
2024-09-03T05:30:58Z,swimmingpool,18,180
2024-09-03T05:31:58Z,swimmingpool,18,180
2024-09-03T05:32:58Z,swimmingpool,18,180
2024-09-03T05:33:58Z,swimmingpool,18,180
2024-09-03T05:34:57Z,swimmingpool,18,180
2024-09-03T05:35:58Z,swimmingpool,18,180
2024-09-03T05:36:58Z,swimmingpool,17,180
2024-09-03T05:37:58Z,swimmingpool,17,180
2024-09-03T05:38:59Z,swimmingpool,17,180
2024-09-03T05:39:59Z,swimmingpool,17,180
2024-09-03T05:40:58Z,swimmingpool,17,180
2024-09-03T05:41:58Z,swimmingpool,18,180
2024-09-03T05:42:58Z,swimmingpool,20,180
2024-09-03T05:43:59Z,swimmingpool,20,180
2024-09-03T05:44:58Z,swimmingpool,22,180
2024-09-03T05:45:58Z,swimmingpool,22,180
2024-09-03T05:46:58Z,swimmingpool,23,180
2024-09-03T05:47:59Z,swimmingpool,23,180
2024-09-03T05:48:59Z,swimmingpool,23,180
2024-09-03T05:49:58Z,swimmingpool,25,180
2024-09-03T05:50:58Z,swimmingpool,25,180
2024-09-03T05:51:59Z,swimmingpool,27,180
2024-09-03T05:52:59Z,swimmingpool,27,180
2024-09-03T05:53:58Z,swimmingpool,27,180
2024-09-03T05:54:58Z,swimmingpool,27,180
2024-09-03T05:55:59Z,swimmingpool,28,180
2024-09-03T05:56:58Z,swimmingpool,28,180
2024-09-03T05:57:58Z,swimmingpool,29,180
2024-09-03T05:58:59Z,swimmingpool,29,180
2024-09-03T05:59:58Z,swimmingpool,29,180
2024-09-03T06:00:58Z,swimmingpool,30,180
2024-09-03T06:01:58Z,swimmingpool,29,180
2024-09-03T06:02:58Z,swimmingpool,28,180
2024-09-03T06:03:58Z,swimmingpool,29,180
2024-09-03T06:04:58Z,swimmingpool,29,180
2024-09-03T06:05:59Z,swimmingpool,29,180
2024-09-03T06:06:59Z,swimmingpool,30,180
2024-09-03T06:07:59Z,swimmingpool,29,180
2024-09-03T06:08:58Z,swimmingpool,30,180
2024-09-03T06:09:59Z,swimmingpool,30,180
2024-09-03T06:10:58Z,swimmingpool,30,180
2024-09-03T06:11:58Z,swimmingpool,30,180
2024-09-03T06:12:58Z,swimmingpool,31,180
2024-09-03T06:13:58Z,swimmingpool,31,180
2024-09-03T06:14:58Z,swimmingpool,32,180
2024-09-03T06:15:58Z,swimmingpool,32,180
2024-09-03T06:16:58Z,swimmingpool,32,180
2024-09-03T06:17:58Z,swimmingpool,32,180
2024-09-03T06:18:59Z,swimmingpool,32,180
2024-09-03T06:19:59Z,swimmingpool,33,180
2024-09-03T06:20:59Z,swimmingpool,34,180
2024-09-03T06:21:59Z,swimmingpool,36,180
2024-09-03T06:22:58Z,swimmingpool,36,180
2024-09-03T06:23:59Z,swimmingpool,36,180
2024-09-03T06:24:58Z,swimmingpool,36,180
2024-09-03T06:25:58Z,swimmingpool,36,180
2024-09-03T06:26:58Z,swimmingpool,36,180
2024-09-03T06:27:58Z,swimmingpool,35,180
2024-09-03T06:28:58Z,swimmingpool,35,180
2024-09-03T06:29:59Z,swimmingpool,35,180
2024-09-03T06:30:59Z,swimmingpool,35,180
2024-09-03T06:31:59Z,swimmingpool,35,180
2024-09-03T06:32:58Z,swimmingpool,35,180
