2024-09-11T00:00:59Z,gym,5,80
2024-09-11T00:01:59Z,gym,5,80
2024-09-11T00:02:58Z,gym,5,80
2024-09-11T00:03:59Z,gym,5,80
2024-09-11T00:04:58Z,gym,7,80
2024-09-11T00:05:58Z,gym,9,80
2024-09-11T00:06:59Z,gym,9,80
2024-09-11T00:07:58Z,gym,9,80
2024-09-11T00:08:58Z,gym,9,80
2024-09-11T00:09:59Z,gym,9,80
2024-09-11T00:10:58Z,gym,9,80
2024-09-11T00:11:59Z,gym,9,80
2024-09-11T00:12:58Z,gym,9,80
2024-09-11T00:13:58Z,gym,9,80
2024-09-11T00:14:58Z,gym,9,80
2024-09-11T00:15:59Z,gym,9,80
2024-09-11T00:16:59Z,gym,8,80
2024-09-11T00:17:58Z,gym,7,80
2024-09-11T00:18:58Z,gym,7,80
2024-09-11T00:19:59Z,gym,7,80
2024-09-11T00:20:58Z,gym,7,80
2024-09-11T00:21:58Z,gym,8,80
2024-09-11T00:22:58Z,gym,8,80
2024-09-11T00:23:59Z,gym,8,80
2024-09-11T00:24:58Z,gym,8,80
2024-09-11T00:25:59Z,gym,10,80
2024-09-11T00:26:59Z,gym,10,80
2024-09-11T00:27:58Z,gym,10,80
2024-09-11T00:28:59Z,gym,10,80
2024-09-11T00:29:58Z,gym,10,80
2024-09-11T00:30:59Z,gym,10,80
2024-09-11T00:31:58Z,gym,10,80
2024-09-11T00:32:58Z,gym,10,80
2024-09-11T00:33:58Z,gym,10,80
2024-09-11T00:34:58Z,gym,10,80
2024-09-11T00:35:59Z,gym,12,80
2024-09-11T00:36:59Z,gym,12,80
2024-09-11T00:37:58Z,gym,12,80
2024-09-11T00:38:58Z,gym,14,80
2024-09-11T00:39:58Z,gym,15,80
2024-09-11T00:40:59Z,gym,15,80
2024-09-11T00:41:59Z,gym,15,80
2024-09-11T00:42:58Z,gym,15,80
2024-09-11T00:43:59Z,gym,16,80
2024-09-11T00:44:58Z,gym,17,80
2024-09-11T00:45:58Z,gym,19,80
2024-09-11T00:46:58Z,gym,19,80
2024-09-11T00:47:58Z,gym,19,80
2024-09-11T00:48:58Z,gym,19,80
2024-09-11T00:49:59Z,gym,19,80
2024-09-11T00:50:58Z,gym,19,80
2024-09-11T00:51:58Z,gym,19,80
2024-09-11T00:52:59Z,gym,18,80
2024-09-11T00:53:59Z,gym,18,80
2024-09-11T00:54:58Z,gym,18,80
2024-09-11T00:55:58Z,gym,19,80
2024-09-11T00:56:59Z,gym,21,80
2024-09-11T00:57:58Z,gym,21,80
2024-09-11T00:58:58Z,gym,21,80
2024-09-11T00:59:58Z,gym,21,80
2024-09-11T01:00:59Z,gym,21,80
2024-09-11T01:01:58Z,gym,21,80
2024-09-11T01:02:59Z,gym,21,80
2024-09-11T01:03:59Z,gym,20,80
2024-09-11T01:04:59Z,gym,20,80
2024-09-11T01:05:59Z,gym,20,80
2024-09-11T01:06:59Z,gym,20,80
2024-09-11T01:07:58Z,gym,19,80
2024-09-11T01:08:58Z,gym,19,80
2024-09-11T01:09:58Z,gym,19,80
2024-09-11T01:10:59Z,gym,19,80
2024-09-11T01:11:58Z,gym,19,80
2024-09-11T01:12:58Z,gym,19,80
2024-09-11T01:13:59Z,gym,19,80
2024-09-11T01:14:58Z,gym,19,80
2024-09-11T01:15:58Z,gym,19,80
2024-09-11T01:16:58Z,gym,19,80
2024-09-11T01:17:58Z,gym,19,80
2024-09-11T01:18:58Z,gym,20,80
2024-09-11T01:19:58Z,gym,19,80
2024-09-11T01:20:59Z,gym,19,80
2024-09-11T01:21:58Z,gym,19,80
2024-09-11T01:22:59Z,gym,20,80
2024-09-11T01:23:58Z,gym,20,80
2024-09-11T01:24:58Z,gym,20,80
2024-09-11T01:25:59Z,gym,20,80
2024-09-11T01:26:58Z,gym,19,80
2024-09-11T01:27:58Z,gym,21,80
2024-09-11T01:28:59Z,gym,21,80
2024-09-11T01:29:59Z,gym,21,80
2024-09-11T01:30:59Z,gym,21,80
2024-09-11T01:31:59Z,gym,21,80
2024-09-11T01:32:58Z,gym,21,80
2024-09-11T01:33:59Z,gym,21,80
2024-09-11T01:34:59Z,gym,21,80
2024-09-11T01:35:59Z,gym,21,80
2024-09-11T01:36:58Z,gym,20,80
2024-09-11T01:37:59Z,gym,18,80
2024-09-11T01:38:59Z,gym,18,80
2024-09-11T01:39:58Z,gym,18,80
2024-09-11T01:40:58Z,gym,18,80
2024-09-11T01:41:59Z,gym,18,80
2024-09-11T01:42:59Z,gym,18,80
2024-09-11T01:43:59Z,gym,18,80
2024-09-11T01:44:58Z,gym,16,80
2024-09-11T01:45:58Z,gym,16,80
2024-09-11T01:46:59Z,gym,16,80
2024-09-11T01:47:59Z,gym,16,80
2024-09-11T01:48:58Z,gym,15,80
2024-09-11T01:49:58Z,gym,15,80
2024-09-11T01:50:59Z,gym,13,80
2024-09-11T01:51:58Z,gym,14,80
2024-09-11T01:52:58Z,gym,15,80
2024-09-11T01:53:58Z,gym,16,80
2024-09-11T01:54:58Z,gym,17,80
2024-09-11T01:55:58Z,gym,17,80
2024-09-11T01:56:58Z,gym,16,80
2024-09-11T01:57:59Z,gym,16,80
2024-09-11T01:58:58Z,gym,14,80
2024-09-11T01:59:58Z,gym,14,80
2024-09-11T02:00:58Z,gym,14,80
2024-09-11T02:01:59Z,gym,14,80
2024-09-11T02:02:59Z,gym,15,80
2024-09-11T02:03:58Z,gym,15,80
2024-09-11T02:04:59Z,gym,16,80
2024-09-11T02:05:58Z,gym,16,80
2024-09-11T02:06:58Z,gym,15,80
2024-09-11T02:07:58Z,gym,15,80
2024-09-11T02:08:59Z,gym,15,80
2024-09-11T02:09:58Z,gym,15,80
2024-09-11T02:10:58Z,gym,17,80
2024-09-11T02:11:58Z,gym,16,80
2024-09-11T02:12:59Z,gym,16,80
2024-09-11T02:13:58Z,gym,16,80
2024-09-11T02:14:58Z,gym,16,80
2024-09-11T02:15:58Z,gym,15,80
2024-09-11T02:16:58Z,gym,16,80
2024-09-11T02:17:58Z,gym,17,80
2024-09-11T02:18:58Z,gym,16,80
2024-09-11T02:19:59Z,gym,15,80
2024-09-11T02:20:58Z,gym,15,80
2024-09-11T02:21:59Z,gym,15,80
2024-09-11T02:22:58Z,gym,14,80
2024-09-11T02:23:58Z,gym,15,80
2024-09-11T02:24:59Z,gym,15,80
2024-09-11T02:25:58Z,gym,15,80
2024-09-11T02:26:58Z,gym,15,80
2024-09-11T02:27:58Z,gym,13,80
2024-09-11T02:28:59Z,gym,13,80
2024-09-11T02:29:59Z,gym,13,80
2024-09-11T02:30:59Z,gym,13,80
2024-09-11T02:31:59Z,gym,13,80
2024-09-11T02:32:59Z,gym,13,80
2024-09-11T02:33:58Z,gym,13,80
2024-09-11T02:34:58Z,gym,13,80
2024-09-11T02:35:58Z,gym,13,80
2024-09-11T02:36:58Z,gym,13,80
2024-09-11T02:37:58Z,gym,13,80
2024-09-11T02:38:59Z,gym,13,80
2024-09-11T02:39:58Z,gym,13,80
2024-09-11T02:40:58Z,gym,14,80
2024-09-11T02:41:58Z,gym,15,80
2024-09-11T02:42:58Z,gym,15,80
2024-09-11T02:43:59Z,gym,15,80
2024-09-11T02:44:59Z,gym,16,80
2024-09-11T02:45:58Z,gym,16,80
2024-09-11T02:46:58Z,gym,16,80
2024-09-11T02:47:57Z,gym,16,80
2024-09-11T02:48:59Z,gym,16,80
2024-09-11T02:49:58Z,gym,16,80
2024-09-11T02:50:59Z,gym,17,80
2024-09-11T02:51:59Z,gym,17,80
2024-09-11T02:52:59Z,gym,17,80
2024-09-11T02:53:58Z,gym,17,80
2024-09-11T02:54:59Z,gym,18,80
2024-09-11T02:55:58Z,gym,18,80
2024-09-11T02:56:58Z,gym,18,80
2024-09-11T02:57:58Z,gym,17,80
2024-09-11T02:58:59Z,gym,17,80
2024-09-11T02:59:59Z,gym,16,80
2024-09-11T03:00:58Z,gym,17,80
2024-09-11T03:01:59Z,gym,15,80
2024-09-11T03:02:58Z,gym,15,80
2024-09-11T03:03:59Z,gym,16,80
2024-09-11T03:04:59Z,gym,17,80
2024-09-11T03:05:59Z,gym,17,80
2024-09-11T03:06:59Z,gym,16,80
2024-09-11T03:07:58Z,gym,16,80
2024-09-11T03:08:58Z,gym,16,80
2024-09-11T03:09:58Z,gym,17,80
2024-09-11T03:10:58Z,gym,17,80
2024-09-11T03:11:58Z,gym,17,80
2024-09-11T03:12:58Z,gym,18,80
2024-09-11T03:13:58Z,gym,18,80
2024-09-11T03:14:59Z,gym,18,80
2024-09-11T03:15:58Z,gym,18,80
2024-09-11T03:16:59Z,gym,18,80
2024-09-11T03:17:59Z,gym,17,80
2024-09-11T03:18:59Z,gym,17,80
2024-09-11T03:19:58Z,gym,17,80
2024-09-11T03:20:58Z,gym,17,80
2024-09-11T03:21:59Z,gym,17,80
2024-09-11T03:22:58Z,gym,17,80
2024-09-11T03:23:58Z,gym,18,80
2024-09-11T03:24:58Z,gym,18,80
2024-09-11T03:25:59Z,gym,19,80
2024-09-11T03:26:58Z,gym,19,80
2024-09-11T03:27:58Z,gym,19,80
2024-09-11T03:28:58Z,gym,18,80
2024-09-11T03:29:58Z,gym,18,80
2024-09-11T03:30:58Z,gym,18,80
2024-09-11T03:31:59Z,gym,18,80
2024-09-11T03:32:59Z,gym,18,80
2024-09-11T03:33:58Z,gym,18,80
2024-09-11T03:34:58Z,gym,18,80
2024-09-11T03:35:58Z,gym,18,80
2024-09-11T03:36:58Z,gym,18,80
2024-09-11T03:37:58Z,gym,18,80
2024-09-11T03:38:58Z,gym,18,80
2024-09-11T03:39:59Z,gym,18,80
2024-09-11T03:40:59Z,gym,17,80
2024-09-11T03:41:58Z,gym,17,80
2024-09-11T03:42:58Z,gym,17,80
2024-09-11T03:43:58Z,gym,17,80
2024-09-11T03:44:59Z,gym,18,80
2024-09-11T03:45:59Z,gym,17,80
2024-09-11T03:46:58Z,gym,16,80
2024-09-11T03:47:58Z,gym,16,80
2024-09-11T03:48:58Z,gym,16,80
2024-09-11T03:49:59Z,gym,15,80
2024-09-11T03:50:58Z,gym,15,80
2024-09-11T03:51:58Z,gym,15,80
2024-09-11T03:52:59Z,gym,13,80
2024-09-11T03:53:58Z,gym,13,80
2024-09-11T03:54:58Z,gym,13,80
2024-09-11T03:55:58Z,gym,13,80
2024-09-11T03:56:58Z,gym,13,80
2024-09-11T03:57:59Z,gym,14,80
2024-09-11T03:58:59Z,gym,15,80
2024-09-11T03:59:58Z,gym,15,80
2024-09-11T04:00:59Z,gym,15,80
2024-09-11T04:01:58Z,gym,15,80
2024-09-11T04:02:58Z,gym,15,80
2024-09-11T04:03:58Z,gym,17,80
2024-09-11T04:04:58Z,gym,18,80
2024-09-11T04:05:58Z,gym,18,80
2024-09-11T04:06:58Z,gym,18,80
2024-09-11T04:07:59Z,gym,18,80
2024-09-11T04:08:59Z,gym,19,80
2024-09-11T04:09:59Z,gym,19,80
2024-09-11T04:10:58Z,gym,18,80
2024-09-11T04:11:59Z,gym,17,80
2024-09-11T04:12:58Z,gym,17,80
2024-09-11T04:13:59Z,gym,17,80
2024-09-11T04:14:58Z,gym,16,80
2024-09-11T04:15:58Z,gym,16,80
2024-09-11T04:16:58Z,gym,16,80
2024-09-11T04:17:58Z,gym,16,80
2024-09-11T04:18:59Z,gym,16,80
2024-09-11T04:19:58Z,gym,14,80
2024-09-11T04:20:59Z,gym,14,80
2024-09-11T04:21:58Z,gym,14,80
2024-09-11T04:22:59Z,gym,12,80
2024-09-11T04:23:58Z,gym,12,80
2024-09-11T04:24:59Z,gym,11,80
2024-09-11T04:25:58Z,gym,11,80
2024-09-11T04:26:58Z,gym,11,80
2024-09-11T04:27:58Z,gym,11,80
2024-09-11T04:28:58Z,gym,11,80
2024-09-11T04:29:59Z,gym,11,80
2024-09-11T04:30:58Z,gym,12,80
2024-09-11T04:31:58Z,gym,12,80
2024-09-11T04:32:59Z,gym,12,80
2024-09-11T04:33:58Z,gym,12,80
2024-09-11T04:34:58Z,gym,13,80
2024-09-11T04:35:58Z,gym,13,80
2024-09-11T04:36:58Z,gym,13,80
2024-09-11T04:37:59Z,gym,13,80
2024-09-11T04:38:58Z,gym,13,80
2024-09-11T04:39:59Z,gym,13,80
2024-09-11T04:40:58Z,gym,13,80
2024-09-11T04:41:58Z,gym,14,80
2024-09-11T04:42:59Z,gym,16,80
2024-09-11T04:43:58Z,gym,17,80
2024-09-11T04:44:59Z,gym,17,80
2024-09-11T04:45:58Z,gym,17,80
2024-09-11T04:46:59Z,gym,17,80
2024-09-11T04:47:58Z,gym,17,80
2024-09-11T04:48:59Z,gym,17,80
2024-09-11T04:49:58Z,gym,17,80
2024-09-11T04:50:58Z,gym,17,80
2024-09-11T04:51:59Z,gym,17,80
2024-09-11T04:52:58Z,gym,17,80
2024-09-11T04:53:58Z,gym,17,80
2024-09-11T04:54:58Z,gym,16,80
2024-09-11T04:55:59Z,gym,15,80
2024-09-11T04:56:59Z,gym,14,80
2024-09-11T04:57:58Z,gym,14,80
2024-09-11T04:58:58Z,gym,13,80
2024-09-11T04:59:59Z,gym,13,80
2024-09-11T05:01:01Z,gym,13,80
2024-09-11T05:01:58Z,gym,11,80
2024-09-11T05:02:58Z,gym,11,80
2024-09-11T05:03:58Z,gym,11,80
2024-09-11T05:04:57Z,gym,11,80
2024-09-11T05:05:59Z,gym,11,80
2024-09-11T05:06:58Z,gym,11,80
2024-09-11T05:07:59Z,gym,10,80
2024-09-11T05:08:59Z,gym,10,80
2024-09-11T05:09:57Z,gym,10,80
2024-09-11T05:10:58Z,gym,8,80
2024-09-11T05:11:58Z,gym,8,80
2024-09-11T05:12:59Z,gym,7,80
2024-09-11T05:13:58Z,gym,7,80
2024-09-11T05:14:58Z,gym,7,80
2024-09-11T05:15:58Z,gym,6,80
2024-09-11T05:16:58Z,gym,6,80
2024-09-11T05:17:59Z,gym,6,80
2024-09-11T05:18:58Z,gym,6,80
2024-09-11T05:19:59Z,gym,7,80
2024-09-11T05:20:58Z,gym,7,80
2024-09-11T05:21:58Z,gym,7,80
2024-09-11T05:22:58Z,gym,6,80
2024-09-11T05:23:58Z,gym,6,80
2024-09-11T05:24:58Z,gym,7,80
2024-09-11T05:25:58Z,gym,10,80
2024-09-11T05:26:58Z,gym,10,80
2024-09-11T05:27:58Z,gym,10,80
2024-09-11T05:28:58Z,gym,10,80
2024-09-11T05:29:58Z,gym,10,80
2024-09-11T05:30:58Z,gym,9,80
2024-09-11T05:31:58Z,gym,9,80
2024-09-11T05:32:58Z,gym,9,80
2024-09-11T05:33:58Z,gym,9,80
2024-09-11T05:34:58Z,gym,10,80
2024-09-11T05:35:58Z,gym,10,80
2024-09-11T05:36:58Z,gym,10,80
2024-09-11T05:37:58Z,gym,11,80
2024-09-11T05:38:58Z,gym,11,80
2024-09-11T05:39:58Z,gym,11,80
2024-09-11T05:40:58Z,gym,11,80
2024-09-11T05:41:58Z,gym,11,80
2024-09-11T05:42:58Z,gym,11,80
2024-09-11T05:43:59Z,gym,11,80
2024-09-11T05:44:58Z,gym,11,80
2024-09-11T05:45:58Z,gym,11,80
2024-09-11T05:46:58Z,gym,11,80
2024-09-11T05:47:58Z,gym,11,80
2024-09-11T05:48:59Z,gym,11,80
2024-09-11T05:49:58Z,gym,11,80
2024-09-11T05:50:59Z,gym,13,80
2024-09-11T05:51:59Z,gym,13,80
2024-09-11T05:52:59Z,gym,13,80
2024-09-11T05:53:58Z,gym,13,80
2024-09-11T05:54:58Z,gym,14,80
2024-09-11T05:55:59Z,gym,15,80
2024-09-11T05:56:58Z,gym,15,80
2024-09-11T05:57:58Z,gym,16,80
2024-09-11T05:58:59Z,gym,18,80
2024-09-11T05:59:59Z,gym,18,80
2024-09-11T06:00:58Z,gym,18,80
2024-09-11T06:01:59Z,gym,18,80
2024-09-11T06:02:58Z,gym,18,80
2024-09-11T06:03:59Z,gym,18,80
2024-09-11T06:04:59Z,gym,18,80
2024-09-11T06:05:58Z,gym,18,80
2024-09-11T06:06:59Z,gym,18,80
2024-09-11T06:07:58Z,gym,18,80
2024-09-11T06:09:00Z,gym,18,80
2024-09-11T06:09:59Z,gym,18,80
2024-09-11T06:10:58Z,gym,17,80
2024-09-11T06:11:58Z,gym,17,80
2024-09-11T06:12:59Z,gym,17,80
2024-09-11T06:13:58Z,gym,17,80
2024-09-11T06:14:59Z,gym,18,80
2024-09-11T06:15:58Z,gym,18,80
2024-09-11T06:16:59Z,gym,18,80
2024-09-11T06:17:59Z,gym,18,80
2024-09-11T06:18:59Z,gym,17,80
2024-09-11T06:19:59Z,gym,17,80
2024-09-11T06:20:58Z,gym,17,80
2024-09-11T06:21:59Z,gym,18,80
2024-09-11T06:22:58Z,gym,18,80
2024-09-11T06:23:59Z,gym,18,80
2024-09-11T06:24:59Z,gym,18,80
2024-09-11T06:25:59Z,gym,18,80
2024-09-11T06:26:58Z,gym,18,80
2024-09-11T06:27:59Z,gym,19,80
2024-09-11T06:28:59Z,gym,20,80
2024-09-11T06:29:59Z,gym,20,80
2024-09-11T06:30:59Z,gym,20,80
2024-09-11T06:31:58Z,gym,18,80
2024-09-11T06:32:58Z,gym,19,80
2024-09-11T06:33:58Z,gym,19,80
2024-09-11T06:34:59Z,gym,19,80
2024-09-11T06:35:59Z,gym,19,80
2024-09-11T06:36:58Z,gym,19,80
2024-09-11T06:37:59Z,gym,19,80
2024-09-11T06:38:59Z,gym,19,80
2024-09-11T06:39:58Z,gym,19,80
2024-09-11T06:40:59Z,gym,19,80
2024-09-11T06:41:58Z,gym,19,80
2024-09-11T06:42:59Z,gym,19,80
2024-09-11T06:43:59Z,gym,19,80
2024-09-11T06:44:58Z,gym,20,80
2024-09-11T06:46:00Z,gym,18,80
2024-09-11T06:46:59Z,gym,17,80
2024-09-11T06:47:59Z,gym,17,80
2024-09-11T06:48:59Z,gym,18,80
2024-09-11T06:49:59Z,gym,18,80
2024-09-11T06:50:59Z,gym,18,80
2024-09-11T06:51:59Z,gym,18,80
2024-09-11T06:52:58Z,gym,18,80
2024-09-11T06:53:59Z,gym,18,80
2024-09-11T06:54:59Z,gym,18,80
2024-09-11T06:55:58Z,gym,18,80
2024-09-11T06:56:58Z,gym,18,80
2024-09-11T06:57:58Z,gym,19,80
2024-09-11T06:58:59Z,gym,18,80
2024-09-11T06:59:59Z,gym,17,80
2024-09-11T07:00:58Z,gym,18,80
2024-09-11T07:01:58Z,gym,20,80
2024-09-11T07:02:59Z,gym,20,80
2024-09-11T07:03:58Z,gym,20,80
2024-09-11T07:04:58Z,gym,19,80
2024-09-11T07:05:58Z,gym,19,80
2024-09-11T07:06:58Z,gym,19,80
2024-09-11T07:07:58Z,gym,19,80
2024-09-11T07:08:58Z,gym,19,80
2024-09-11T07:09:58Z,gym,19,80
2024-09-11T07:10:59Z,gym,21,80
2024-09-11T07:11:58Z,gym,20,80
2024-09-11T07:13:00Z,gym,19,80
2024-09-11T07:13:58Z,gym,19,80
2024-09-11T07:14:58Z,gym,19,80
2024-09-11T07:15:58Z,gym,19,80
2024-09-11T07:16:58Z,gym,19,80
2024-09-11T07:17:59Z,gym,19,80
2024-09-11T07:18:59Z,gym,19,80
2024-09-11T07:19:59Z,gym,17,80
2024-09-11T07:20:58Z,gym,16,80
2024-09-11T07:21:59Z,gym,16,80
2024-09-11T07:22:59Z,gym,16,80
2024-09-11T07:23:59Z,gym,16,80
2024-09-11T07:24:58Z,gym,15,80
2024-09-11T07:26:00Z,gym,16,80
2024-09-11T07:26:59Z,gym,16,80
2024-09-11T07:27:58Z,gym,16,80
2024-09-11T07:28:58Z,gym,16,80
2024-09-11T07:29:58Z,gym,15,80
2024-09-11T07:30:59Z,gym,15,80
2024-09-11T07:31:58Z,gym,15,80
2024-09-11T07:32:58Z,gym,15,80
2024-09-11T07:33:58Z,gym,16,80
2024-09-11T07:35:00Z,gym,17,80
2024-09-11T07:35:58Z,gym,18,80
2024-09-11T07:36:58Z,gym,18,80
2024-09-11T07:37:58Z,gym,18,80
2024-09-11T07:38:58Z,gym,18,80
2024-09-11T07:39:59Z,gym,18,80
2024-09-11T07:40:59Z,gym,18,80
2024-09-11T07:41:59Z,gym,18,80
2024-09-11T07:42:59Z,gym,18,80
2024-09-11T07:43:58Z,gym,18,80
2024-09-11T07:44:58Z,gym,18,80
2024-09-11T07:45:59Z,gym,18,80
2024-09-11T07:46:58Z,gym,18,80
2024-09-11T07:47:58Z,gym,18,80
2024-09-11T07:48:58Z,gym,18,80
2024-09-11T07:49:58Z,gym,18,80
2024-09-11T07:50:58Z,gym,18,80
2024-09-11T07:51:59Z,gym,18,80
2024-09-11T07:52:58Z,gym,17,80
2024-09-11T07:53:58Z,gym,17,80
2024-09-11T07:54:59Z,gym,17,80
2024-09-11T07:55:58Z,gym,17,80
2024-09-11T07:56:59Z,gym,17,80
2024-09-11T07:57:59Z,gym,17,80
2024-09-11T07:58:58Z,gym,17,80
2024-09-11T07:59:58Z,gym,17,80
2024-09-11T08:00:58Z,gym,17,80
2024-09-11T08:01:58Z,gym,16,80
2024-09-11T08:02:59Z,gym,16,80
2024-09-11T08:03:58Z,gym,16,80
2024-09-11T08:04:58Z,gym,17,80
2024-09-11T08:06:00Z,gym,18,80
2024-09-11T08:07:01Z,gym,19,80
2024-09-11T08:07:59Z,gym,20,80
2024-09-11T08:08:59Z,gym,20,80
2024-09-11T08:09:58Z,gym,20,80
2024-09-11T08:10:58Z,gym,20,80
2024-09-11T08:11:58Z,gym,20,80
2024-09-11T08:12:59Z,gym,20,80
2024-09-11T08:13:58Z,gym,22,80
2024-09-11T08:14:58Z,gym,23,80
2024-09-11T08:15:58Z,gym,23,80
2024-09-11T08:16:58Z,gym,22,80
2024-09-11T08:17:58Z,gym,22,80
2024-09-11T08:18:59Z,gym,22,80
2024-09-11T08:19:58Z,gym,22,80
2024-09-11T08:20:58Z,gym,25,80
2024-09-11T08:21:58Z,gym,27,80
2024-09-11T08:22:58Z,gym,28,80
2024-09-11T08:23:59Z,gym,28,80
2024-09-11T08:24:58Z,gym,31,80
2024-09-11T08:25:59Z,gym,31,80
2024-09-11T08:26:58Z,gym,31,80
2024-09-11T08:27:58Z,gym,30,80
2024-09-11T08:28:59Z,gym,31,80
2024-09-11T08:29:59Z,gym,32,80
2024-09-11T08:31:00Z,gym,31,80
2024-09-11T08:31:58Z,gym,31,80
2024-09-11T08:32:58Z,gym,30,80
2024-09-11T08:33:58Z,gym,30,80
2024-09-11T08:34:57Z,gym,29,80
2024-09-11T08:35:58Z,gym,29,80
2024-09-11T08:36:58Z,gym,30,80
2024-09-11T08:37:58Z,gym,29,80
2024-09-11T08:38:58Z,gym,30,80
2024-09-11T08:39:58Z,gym,30,80
2024-09-11T08:40:58Z,gym,30,80
2024-09-11T08:41:58Z,gym,30,80
2024-09-11T08:42:58Z,gym,32,80
2024-09-11T08:43:58Z,gym,33,80
2024-09-11T08:44:58Z,gym,32,80
2024-09-11T08:45:58Z,gym,32,80
2024-09-11T08:46:58Z,gym,35,80
2024-09-11T08:47:58Z,gym,35,80
2024-09-11T08:48:58Z,gym,35,80
2024-09-11T08:49:58Z,gym,35,80
2024-09-11T08:50:58Z,gym,36,80
2024-09-11T08:51:58Z,gym,37,80
2024-09-11T08:52:58Z,gym,36,80
2024-09-11T08:53:58Z,gym,36,80
2024-09-11T08:54:58Z,gym,36,80
2024-09-11T08:55:58Z,gym,36,80
2024-09-11T08:56:59Z,gym,36,80
2024-09-11T08:57:58Z,gym,36,80
2024-09-11T08:58:58Z,gym,35,80
2024-09-11T08:59:58Z,gym,37,80
2024-09-11T09:00:58Z,gym,37,80
2024-09-11T09:01:58Z,gym,38,80
2024-09-11T09:02:58Z,gym,38,80
2024-09-11T09:03:58Z,gym,37,80
2024-09-11T09:04:58Z,gym,37,80
2024-09-11T09:05:58Z,gym,37,80
2024-09-11T09:06:58Z,gym,36,80
2024-09-11T09:07:58Z,gym,36,80
2024-09-11T09:08:58Z,gym,35,80
2024-09-11T09:09:58Z,gym,35,80
2024-09-11T09:10:58Z,gym,34,80
2024-09-11T09:11:58Z,gym,34,80
2024-09-11T09:12:58Z,gym,34,80
2024-09-11T09:13:58Z,gym,33,80
2024-09-11T09:14:58Z,gym,34,80
2024-09-11T09:15:58Z,gym,33,80
2024-09-11T09:16:58Z,gym,33,80
2024-09-11T09:17:58Z,gym,33,80
2024-09-11T09:18:58Z,gym,33,80
2024-09-11T09:19:58Z,gym,33,80
2024-09-11T09:20:58Z,gym,33,80
2024-09-11T09:21:58Z,gym,34,80
2024-09-11T09:22:58Z,gym,36,80
2024-09-11T09:23:58Z,gym,36,80
2024-09-11T09:24:58Z,gym,34,80
2024-09-11T09:25:58Z,gym,31,80
2024-09-11T09:26:58Z,gym,32,80
2024-09-11T09:27:58Z,gym,27,80
2024-09-11T09:28:58Z,gym,27,80
2024-09-11T09:29:58Z,gym,26,80
2024-09-11T09:30:58Z,gym,25,80
2024-09-11T09:31:58Z,gym,25,80
2024-09-11T09:32:58Z,gym,24,80
2024-09-11T09:33:58Z,gym,23,80
2024-09-11T09:34:58Z,gym,24,80
2024-09-11T09:35:58Z,gym,24,80
2024-09-11T09:36:58Z,gym,26,80
2024-09-11T09:37:58Z,gym,26,80
2024-09-11T09:38:58Z,gym,26,80
2024-09-11T09:39:58Z,gym,24,80
2024-09-11T09:40:58Z,gym,24,80
2024-09-11T09:41:58Z,gym,22,80
2024-09-11T09:42:58Z,gym,22,80
2024-09-11T09:43:58Z,gym,23,80
2024-09-11T09:44:58Z,gym,23,80
2024-09-11T09:45:58Z,gym,23,80
2024-09-11T09:46:58Z,gym,24,80
2024-09-11T09:47:58Z,gym,25,80
2024-09-11T09:48:58Z,gym,26,80
2024-09-11T09:49:58Z,gym,26,80
2024-09-11T09:50:58Z,gym,26,80
2024-09-11T09:51:58Z,gym,25,80
2024-09-11T09:52:58Z,gym,25,80
2024-09-11T09:53:58Z,gym,24,80
2024-09-11T09:54:58Z,gym,24,80
2024-09-11T09:55:58Z,gym,24,80
2024-09-11T09:56:58Z,gym,24,80
2024-09-11T09:57:59Z,gym,27,80
2024-09-11T09:58:58Z,gym,26,80
2024-09-11T09:59:58Z,gym,26,80
2024-09-11T10:00:58Z,gym,26,80
2024-09-11T10:01:59Z,gym,26,80
2024-09-11T10:02:58Z,gym,26,80
2024-09-11T10:03:58Z,gym,27,80
2024-09-11T10:04:59Z,gym,30,80
2024-09-11T10:05:59Z,gym,30,80
2024-09-11T10:06:59Z,gym,31,80
2024-09-11T10:07:59Z,gym,33,80
2024-09-11T10:08:58Z,gym,34,80
2024-09-11T10:09:58Z,gym,36,80
2024-09-11T10:10:58Z,gym,36,80
2024-09-11T10:11:59Z,gym,38,80
2024-09-11T10:12:59Z,gym,38,80
2024-09-11T10:13:58Z,gym,38,80
2024-09-11T10:14:59Z,gym,38,80
2024-09-11T10:15:59Z,gym,38,80
2024-09-11T10:16:59Z,gym,40,80
2024-09-11T10:17:59Z,gym,40,80
2024-09-11T10:18:58Z,gym,41,80
2024-09-11T10:19:59Z,gym,42,80
2024-09-11T10:20:58Z,gym,41,80
2024-09-11T10:21:59Z,gym,41,80
2024-09-11T10:22:59Z,gym,41,80
2024-09-11T10:23:59Z,gym,41,80
2024-09-11T10:24:58Z,gym,40,80
2024-09-11T10:25:58Z,gym,41,80
2024-09-11T10:26:59Z,gym,41,80
2024-09-11T10:27:58Z,gym,42,80
2024-09-11T10:28:58Z,gym,43,80
2024-09-11T10:29:59Z,gym,43,80
2024-09-11T10:30:58Z,gym,43,80
2024-09-11T10:31:58Z,gym,42,80
2024-09-11T10:32:58Z,gym,42,80
2024-09-11T10:33:59Z,gym,42,80
2024-09-11T10:34:58Z,gym,42,80
2024-09-11T10:35:59Z,gym,41,80
2024-09-11T10:36:59Z,gym,42,80
2024-09-11T10:37:59Z,gym,42,80
2024-09-11T10:38:58Z,gym,44,80
2024-09-11T10:39:58Z,gym,41,80
2024-09-11T10:40:57Z,gym,42,80
2024-09-11T10:41:58Z,gym,42,80
2024-09-11T10:42:59Z,gym,43,80
2024-09-11T10:43:59Z,gym,43,80
2024-09-11T10:44:59Z,gym,44,80
2024-09-11T10:45:58Z,gym,43,80
2024-09-11T10:46:58Z,gym,43,80
2024-09-11T10:47:58Z,gym,42,80
2024-09-11T10:48:59Z,gym,40,80
2024-09-11T10:49:59Z,gym,40,80
2024-09-11T10:50:59Z,gym,40,80
2024-09-11T10:51:58Z,gym,40,80
2024-09-11T10:52:59Z,gym,40,80
2024-09-11T10:53:58Z,gym,39,80
2024-09-11T10:54:58Z,gym,40,80
2024-09-11T10:55:58Z,gym,40,80
2024-09-11T10:56:58Z,gym,39,80
2024-09-11T10:57:59Z,gym,39,80
2024-09-11T10:58:59Z,gym,39,80
2024-09-11T10:59:58Z,gym,39,80
2024-09-11T11:00:59Z,gym,38,80
2024-09-11T11:01:58Z,gym,37,80
2024-09-11T11:02:58Z,gym,38,80
2024-09-11T11:03:58Z,gym,38,80
2024-09-11T11:04:58Z,gym,35,80
2024-09-11T11:05:58Z,gym,36,80
2024-09-11T11:06:58Z,gym,36,80
2024-09-11T11:07:59Z,gym,36,80
2024-09-11T11:08:59Z,gym,33,80
2024-09-11T11:09:59Z,gym,31,80
2024-09-11T11:10:58Z,gym,29,80
2024-09-11T11:11:58Z,gym,29,80
2024-09-11T11:12:59Z,gym,29,80
2024-09-11T11:13:59Z,gym,30,80
2024-09-11T11:14:58Z,gym,30,80
2024-09-11T11:15:58Z,gym,31,80
2024-09-11T11:16:58Z,gym,31,80
2024-09-11T11:17:59Z,gym,32,80
2024-09-11T11:18:58Z,gym,31,80
2024-09-11T11:19:59Z,gym,31,80
2024-09-11T11:20:58Z,gym,31,80
2024-09-11T11:21:59Z,gym,30,80
2024-09-11T11:22:59Z,gym,28,80
2024-09-11T11:23:59Z,gym,28,80
2024-09-11T11:24:59Z,gym,28,80
2024-09-11T11:25:58Z,gym,28,80
2024-09-11T11:26:59Z,gym,28,80
2024-09-11T11:27:58Z,gym,28,80
2024-09-11T11:28:58Z,gym,28,80
2024-09-11T11:29:59Z,gym,28,80
2024-09-11T11:30:58Z,gym,29,80
2024-09-11T11:31:58Z,gym,32,80
2024-09-11T11:32:58Z,gym,32,80
2024-09-11T11:33:58Z,gym,32,80
2024-09-11T11:34:58Z,gym,32,80
2024-09-11T11:35:58Z,gym,30,80
2024-09-11T11:36:59Z,gym,30,80
2024-09-11T11:37:59Z,gym,30,80
2024-09-11T11:38:58Z,gym,29,80
2024-09-11T11:39:59Z,gym,28,80
2024-09-11T11:40:59Z,gym,23,80
2024-09-11T11:41:58Z,gym,22,80
2024-09-11T11:42:58Z,gym,22,80
2024-09-11T11:43:59Z,gym,22,80
2024-09-11T11:44:59Z,gym,23,80
2024-09-11T11:45:58Z,gym,24,80
2024-09-11T11:46:58Z,gym,24,80
2024-09-11T11:47:59Z,gym,27,80
2024-09-11T11:48:58Z,gym,27,80
2024-09-11T11:49:59Z,gym,26,80
2024-09-11T11:50:58Z,gym,26,80
2024-09-11T11:51:58Z,gym,26,80
2024-09-11T11:52:59Z,gym,27,80
2024-09-11T11:53:58Z,gym,27,80
2024-09-11T11:54:58Z,gym,26,80
2024-09-11T11:55:59Z,gym,25,80
2024-09-11T11:56:58Z,gym,25,80
2024-09-11T11:57:58Z,gym,24,80
2024-09-11T11:58:59Z,gym,24,80
2024-09-11T11:59:58Z,gym,24,80
2024-09-11T12:00:58Z,gym,23,80
2024-09-11T12:01:58Z,gym,22,80
2024-09-11T12:02:59Z,gym,22,80
2024-09-11T12:03:59Z,gym,24,80
2024-09-11T12:04:58Z,gym,24,80
2024-09-11T12:05:59Z,gym,25,80
2024-09-11T12:06:59Z,gym,25,80
2024-09-11T12:08:00Z,gym,25,80
2024-09-11T12:08:59Z,gym,25,80
2024-09-11T12:09:58Z,gym,25,80
2024-09-11T12:10:59Z,gym,25,80
2024-09-11T12:11:58Z,gym,25,80
2024-09-11T12:12:58Z,gym,23,80
2024-09-11T12:13:58Z,gym,23,80
2024-09-11T12:14:58Z,gym,23,80
2024-09-11T12:15:58Z,gym,23,80
2024-09-11T12:16:59Z,gym,23,80
2024-09-11T12:17:58Z,gym,25,80
2024-09-11T12:18:58Z,gym,25,80
2024-09-11T12:19:59Z,gym,25,80
2024-09-11T12:20:58Z,gym,24,80
2024-09-11T12:21:58Z,gym,24,80
2024-09-11T12:22:59Z,gym,24,80
2024-09-11T12:23:59Z,gym,24,80
2024-09-11T12:24:58Z,gym,24,80
2024-09-11T12:25:59Z,gym,24,80
2024-09-11T12:26:58Z,gym,25,80
2024-09-11T12:27:59Z,gym,25,80
2024-09-11T12:28:59Z,gym,25,80
2024-09-11T12:29:58Z,gym,25,80
2024-09-11T12:30:59Z,gym,23,80
2024-09-11T12:31:58Z,gym,23,80
2024-09-11T12:32:59Z,gym,23,80
2024-09-11T12:33:58Z,gym,23,80
2024-09-11T12:34:58Z,gym,23,80
2024-09-11T12:35:59Z,gym,23,80
2024-09-11T12:36:59Z,gym,23,80
2024-09-11T12:37:58Z,gym,23,80
2024-09-11T12:38:59Z,gym,22,80
2024-09-11T12:39:59Z,gym,22,80
2024-09-11T12:40:59Z,gym,20,80
2024-09-11T12:41:58Z,gym,20,80
2024-09-11T12:42:59Z,gym,21,80
2024-09-11T12:43:58Z,gym,21,80
2024-09-11T12:44:58Z,gym,22,80
2024-09-11T12:45:58Z,gym,25,80
2024-09-11T12:46:59Z,gym,25,80
2024-09-11T12:47:59Z,gym,24,80
2024-09-11T12:48:58Z,gym,24,80
2024-09-11T12:49:59Z,gym,25,80
2024-09-11T12:50:58Z,gym,27,80
2024-09-11T12:51:58Z,gym,27,80
2024-09-11T12:52:59Z,gym,25,80
2024-09-11T12:53:58Z,gym,24,80
2024-09-11T12:54:58Z,gym,24,80
2024-09-11T12:55:58Z,gym,24,80
2024-09-11T12:56:58Z,gym,24,80
2024-09-11T12:57:58Z,gym,26,80
2024-09-11T12:58:58Z,gym,27,80
2024-09-11T12:59:59Z,gym,28,80
2024-09-11T13:00:58Z,gym,28,80
2024-09-11T13:01:59Z,gym,26,80
2024-09-11T13:02:58Z,gym,26,80
2024-09-11T13:03:58Z,gym,27,80
2024-09-11T13:04:59Z,gym,27,80
2024-09-11T13:05:59Z,gym,27,80
2024-09-11T13:06:58Z,gym,27,80
2024-09-11T13:07:59Z,gym,27,80
2024-09-11T13:08:59Z,gym,27,80
2024-09-11T13:09:58Z,gym,27,80
2024-09-11T13:10:58Z,gym,27,80
2024-09-11T13:11:59Z,gym,26,80
2024-09-11T13:12:58Z,gym,26,80
2024-09-11T13:13:58Z,gym,26,80
2024-09-11T13:14:59Z,gym,26,80
2024-09-11T13:15:59Z,gym,26,80
2024-09-11T13:16:58Z,gym,26,80
2024-09-11T13:17:59Z,gym,26,80
2024-09-11T13:18:59Z,gym,25,80
2024-09-11T13:19:59Z,gym,24,80
2024-09-11T13:20:58Z,gym,23,80
2024-09-11T13:21:58Z,gym,21,80
2024-09-11T13:22:58Z,gym,20,80
2024-09-11T13:23:58Z,gym,20,80
2024-09-11T13:24:59Z,gym,20,80
2024-09-11T13:25:58Z,gym,20,80
2024-09-11T13:26:58Z,gym,20,80
2024-09-11T13:27:59Z,gym,20,80
2024-09-11T13:28:58Z,gym,20,80
2024-09-11T13:29:58Z,gym,19,80
2024-09-11T13:30:58Z,gym,19,80
2024-09-11T13:31:58Z,gym,19,80
2024-09-11T13:32:58Z,gym,19,80
2024-09-11T13:33:58Z,gym,19,80
2024-09-11T13:34:58Z,gym,19,80
2024-09-11T13:35:58Z,gym,18,80
2024-09-11T13:36:58Z,gym,18,80
2024-09-11T13:37:58Z,gym,18,80
2024-09-11T13:38:58Z,gym,18,80
2024-09-11T13:39:58Z,gym,18,80
2024-09-11T13:40:58Z,gym,18,80
2024-09-11T13:41:58Z,gym,18,80
2024-09-11T13:42:58Z,gym,18,80
2024-09-11T13:43:59Z,gym,17,80
2024-09-11T13:44:58Z,gym,16,80
2024-09-11T13:45:59Z,gym,15,80
2024-09-11T13:46:58Z,gym,15,80
2024-09-11T13:48:58Z,gym,12,80
2024-09-11T13:49:58Z,gym,10,80
2024-09-11T13:50:58Z,gym,9,80
2024-09-11T13:51:58Z,gym,8,80
2024-09-11T13:52:58Z,gym,8,80
2024-09-11T13:53:58Z,gym,7,80
2024-09-11T13:54:58Z,gym,7,80
2024-09-11T13:55:59Z,gym,7,80
2024-09-11T13:56:58Z,gym,6,80
2024-09-11T13:57:59Z,gym,6,80
2024-09-11T13:58:58Z,gym,3,80
2024-09-11T13:59:58Z,gym,3,80
2024-09-11T14:00:58Z,gym,0,80
2024-09-11T14:01:59Z,gym,0,80
2024-09-11T14:02:58Z,gym,0,80
2024-09-11T14:03:59Z,gym,0,80
2024-09-11T14:04:58Z,gym,0,80
2024-09-11T14:05:59Z,gym,0,80
2024-09-11T14:06:58Z,gym,0,80
2024-09-11T14:07:58Z,gym,0,80
2024-09-11T14:08:59Z,gym,0,80
2024-09-11T14:09:58Z,gym,0,80
2024-09-11T14:10:58Z,gym,0,80
2024-09-11T14:11:58Z,gym,0,80
2024-09-11T14:12:59Z,gym,0,80
2024-09-11T14:13:58Z,gym,0,80
2024-09-11T14:14:59Z,gym,0,80
2024-09-11T14:15:58Z,gym,0,80
2024-09-11T14:16:58Z,gym,0,80
2024-09-11T14:17:58Z,gym,0,80
2024-09-11T14:18:59Z,gym,0,80
2024-09-11T14:19:59Z,gym,0,80
2024-09-11T14:20:58Z,gym,0,80
2024-09-11T14:21:59Z,gym,0,80
2024-09-11T14:22:58Z,gym,0,80
2024-09-11T14:23:58Z,gym,0,80
2024-09-11T14:24:58Z,gym,0,80
2024-09-11T14:25:59Z,gym,0,80
2024-09-11T14:26:58Z,gym,0,80
2024-09-11T14:27:58Z,gym,0,80
2024-09-11T14:28:58Z,gym,0,80
2024-09-11T14:29:59Z,gym,0,80
2024-09-11T14:30:59Z,gym,0,80
2024-09-11T14:31:58Z,gym,0,80
2024-09-11T14:32:59Z,gym,0,80
2024-09-11T14:33:58Z,gym,0,80
2024-09-11T14:34:58Z,gym,0,80
2024-09-11T14:35:59Z,gym,0,80
2024-09-11T14:36:58Z,gym,0,80
2024-09-11T14:37:59Z,gym,0,80
2024-09-11T14:38:58Z,gym,0,80
2024-09-11T14:39:59Z,gym,0,80
2024-09-11T14:40:58Z,gym,0,80
2024-09-11T14:41:59Z,gym,0,80
2024-09-11T14:42:59Z,gym,0,80
2024-09-11T14:43:59Z,gym,0,80
2024-09-11T14:44:59Z,gym,0,80
2024-09-11T14:45:59Z,gym,0,80
2024-09-11T14:46:58Z,gym,0,80
2024-09-11T14:47:58Z,gym,0,80
2024-09-11T14:48:58Z,gym,0,80
2024-09-11T14:49:59Z,gym,0,80
2024-09-11T14:50:59Z,gym,0,80
2024-09-11T14:51:59Z,gym,0,80
2024-09-11T14:52:58Z,gym,0,80
2024-09-11T14:53:58Z,gym,0,80
2024-09-11T14:54:58Z,gym,0,80
2024-09-11T14:55:59Z,gym,0,80
2024-09-11T14:56:58Z,gym,0,80
2024-09-11T14:57:58Z,gym,0,80
2024-09-11T14:58:59Z,gym,0,80
2024-09-11T14:59:58Z,gym,0,80
2024-09-11T15:00:58Z,gym,0,80
2024-09-11T15:01:58Z,gym,0,80
2024-09-11T15:02:58Z,gym,0,80
2024-09-11T15:03:58Z,gym,0,80
2024-09-11T15:04:58Z,gym,0,80
2024-09-11T15:05:58Z,gym,0,80
2024-09-11T15:06:59Z,gym,0,80
2024-09-11T15:07:59Z,gym,0,80
2024-09-11T15:08:59Z,gym,0,80
2024-09-11T15:09:58Z,gym,0,80
2024-09-11T15:10:58Z,gym,0,80
2024-09-11T15:11:58Z,gym,0,80
2024-09-11T15:12:59Z,gym,0,80
2024-09-11T15:13:59Z,gym,0,80
2024-09-11T15:14:58Z,gym,0,80
2024-09-11T15:15:58Z,gym,0,80
2024-09-11T15:16:59Z,gym,0,80
2024-09-11T15:17:59Z,gym,0,80
2024-09-11T15:18:59Z,gym,0,80
2024-09-11T15:19:58Z,gym,0,80
2024-09-11T15:20:58Z,gym,0,80
2024-09-11T15:21:59Z,gym,0,80
2024-09-11T15:22:58Z,gym,0,80
2024-09-11T15:23:58Z,gym,0,80
2024-09-11T15:24:58Z,gym,0,80
2024-09-11T15:25:59Z,gym,0,80
2024-09-11T15:26:59Z,gym,0,80
2024-09-11T15:27:58Z,gym,0,80
2024-09-11T15:28:58Z,gym,0,80
2024-09-11T15:29:59Z,gym,0,80
2024-09-11T15:30:58Z,gym,0,80
2024-09-11T15:31:58Z,gym,0,80
2024-09-11T15:32:58Z,gym,0,80
2024-09-11T15:33:59Z,gym,0,80
2024-09-11T15:34:59Z,gym,0,80
2024-09-11T15:35:58Z,gym,0,80
2024-09-11T15:36:59Z,gym,0,80
2024-09-11T15:37:59Z,gym,0,80
2024-09-11T15:38:58Z,gym,0,80
2024-09-11T15:39:59Z,gym,0,80
2024-09-11T15:40:59Z,gym,0,80
2024-09-11T15:41:58Z,gym,0,80
2024-09-11T15:42:58Z,gym,0,80
2024-09-11T15:43:59Z,gym,0,80
2024-09-11T15:44:59Z,gym,0,80
2024-09-11T15:45:58Z,gym,0,80
2024-09-11T15:46:58Z,gym,0,80
2024-09-11T15:47:59Z,gym,0,80
2024-09-11T15:48:59Z,gym,0,80
2024-09-11T15:49:59Z,gym,0,80
2024-09-11T15:50:59Z,gym,0,80
2024-09-11T15:51:59Z,gym,0,80
2024-09-11T15:52:57Z,gym,0,80
2024-09-11T15:53:59Z,gym,0,80
2024-09-11T15:54:59Z,gym,0,80
2024-09-11T15:55:59Z,gym,0,80
2024-09-11T15:56:59Z,gym,0,80
2024-09-11T15:57:58Z,gym,0,80
2024-09-11T15:58:58Z,gym,0,80
2024-09-11T15:59:59Z,gym,0,80
2024-09-11T16:00:59Z,gym,0,80
2024-09-11T16:01:59Z,gym,0,80
2024-09-11T16:02:58Z,gym,0,80
2024-09-11T16:03:59Z,gym,0,80
2024-09-11T16:04:58Z,gym,0,80
2024-09-11T16:05:58Z,gym,0,80
2024-09-11T16:06:58Z,gym,0,80
2024-09-11T16:07:58Z,gym,0,80
2024-09-11T16:08:58Z,gym,0,80
2024-09-11T16:09:58Z,gym,0,80
2024-09-11T16:10:59Z,gym,0,80
2024-09-11T16:11:59Z,gym,0,80
2024-09-11T16:12:59Z,gym,0,80
2024-09-11T16:13:58Z,gym,0,80
2024-09-11T16:14:59Z,gym,0,80
2024-09-11T16:15:59Z,gym,0,80
2024-09-11T16:16:58Z,gym,0,80
2024-09-11T16:17:59Z,gym,0,80
2024-09-11T16:18:58Z,gym,0,80
2024-09-11T16:19:59Z,gym,0,80
2024-09-11T16:20:58Z,gym,0,80
2024-09-11T16:21:58Z,gym,0,80
2024-09-11T16:22:59Z,gym,0,80
2024-09-11T16:23:58Z,gym,0,80
2024-09-11T16:24:59Z,gym,0,80
2024-09-11T16:25:59Z,gym,0,80
2024-09-11T16:26:59Z,gym,0,80
2024-09-11T16:27:59Z,gym,0,80
2024-09-11T16:28:59Z,gym,0,80
2024-09-11T16:29:59Z,gym,0,80
2024-09-11T16:30:59Z,gym,0,80
2024-09-11T16:31:59Z,gym,0,80
2024-09-11T16:32:59Z,gym,0,80
2024-09-11T16:33:58Z,gym,0,80
2024-09-11T16:34:59Z,gym,0,80
2024-09-11T16:35:59Z,gym,0,80
2024-09-11T16:36:59Z,gym,0,80
2024-09-11T16:37:59Z,gym,0,80
2024-09-11T16:38:59Z,gym,0,80
2024-09-11T16:39:59Z,gym,0,80
2024-09-11T16:40:58Z,gym,0,80
2024-09-11T16:41:59Z,gym,0,80
2024-09-11T16:42:59Z,gym,0,80
2024-09-11T16:43:59Z,gym,0,80
2024-09-11T16:44:59Z,gym,0,80
2024-09-11T16:45:59Z,gym,0,80
2024-09-11T16:46:59Z,gym,0,80
2024-09-11T16:47:59Z,gym,0,80
2024-09-11T16:48:59Z,gym,0,80
2024-09-11T16:49:58Z,gym,0,80
2024-09-11T16:50:58Z,gym,0,80
2024-09-11T16:51:59Z,gym,0,80
2024-09-11T16:52:59Z,gym,0,80
2024-09-11T16:53:58Z,gym,0,80
2024-09-11T16:54:58Z,gym,0,80
2024-09-11T16:55:59Z,gym,0,80
2024-09-11T16:56:59Z,gym,0,80
2024-09-11T16:57:58Z,gym,0,80
2024-09-11T16:58:59Z,gym,0,80
2024-09-11T16:59:58Z,gym,0,80
2024-09-11T17:00:59Z,gym,0,80
2024-09-11T17:01:59Z,gym,0,80
2024-09-11T17:02:58Z,gym,0,80
2024-09-11T17:03:59Z,gym,0,80
2024-09-11T17:04:58Z,gym,0,80
2024-09-11T17:05:59Z,gym,0,80
2024-09-11T17:06:57Z,gym,0,80
2024-09-11T17:07:59Z,gym,0,80
2024-09-11T17:08:59Z,gym,0,80
2024-09-11T17:09:58Z,gym,0,80
2024-09-11T17:10:59Z,gym,0,80
2024-09-11T17:11:58Z,gym,0,80
2024-09-11T17:12:59Z,gym,0,80
2024-09-11T17:13:59Z,gym,0,80
2024-09-11T17:14:59Z,gym,0,80
2024-09-11T17:15:59Z,gym,0,80
2024-09-11T17:16:58Z,gym,0,80
2024-09-11T17:17:58Z,gym,0,80
2024-09-11T17:18:58Z,gym,0,80
2024-09-11T17:19:58Z,gym,0,80
2024-09-11T17:20:58Z,gym,0,80
2024-09-11T17:21:58Z,gym,0,80
2024-09-11T17:22:58Z,gym,0,80
2024-09-11T17:23:58Z,gym,0,80
2024-09-11T17:24:58Z,gym,0,80
2024-09-11T17:25:58Z,gym,0,80
2024-09-11T17:26:58Z,gym,0,80
2024-09-11T17:27:59Z,gym,0,80
2024-09-11T17:28:59Z,gym,0,80
2024-09-11T17:29:59Z,gym,0,80
2024-09-11T17:30:58Z,gym,0,80
2024-09-11T17:31:58Z,gym,0,80
2024-09-11T17:32:58Z,gym,0,80
2024-09-11T17:33:59Z,gym,0,80
2024-09-11T17:34:58Z,gym,0,80
2024-09-11T17:35:58Z,gym,0,80
2024-09-11T17:36:58Z,gym,0,80
2024-09-11T17:37:59Z,gym,0,80
2024-09-11T17:38:59Z,gym,0,80
2024-09-11T17:39:58Z,gym,0,80
2024-09-11T17:40:59Z,gym,0,80
2024-09-11T17:41:59Z,gym,0,80
2024-09-11T17:42:59Z,gym,0,80
2024-09-11T17:43:59Z,gym,0,80
2024-09-11T17:44:58Z,gym,0,80
2024-09-11T17:45:58Z,gym,0,80
2024-09-11T17:46:59Z,gym,0,80
2024-09-11T17:47:58Z,gym,0,80
2024-09-11T17:48:59Z,gym,0,80
2024-09-11T17:49:58Z,gym,0,80
2024-09-11T17:50:59Z,gym,0,80
2024-09-11T17:51:59Z,gym,0,80
2024-09-11T17:52:59Z,gym,0,80
2024-09-11T17:53:58Z,gym,0,80
2024-09-11T17:54:59Z,gym,0,80
2024-09-11T17:55:58Z,gym,0,80
2024-09-11T17:56:58Z,gym,0,80
2024-09-11T17:57:58Z,gym,0,80
2024-09-11T17:58:59Z,gym,0,80
2024-09-11T17:59:58Z,gym,0,80
2024-09-11T18:00:58Z,gym,0,80
2024-09-11T18:01:59Z,gym,0,80
2024-09-11T18:02:59Z,gym,0,80
2024-09-11T18:03:59Z,gym,0,80
2024-09-11T18:04:59Z,gym,0,80
2024-09-11T18:05:59Z,gym,0,80
2024-09-11T18:06:58Z,gym,0,80
2024-09-11T18:07:58Z,gym,0,80
2024-09-11T18:08:59Z,gym,0,80
2024-09-11T18:09:58Z,gym,0,80
2024-09-11T18:10:59Z,gym,0,80
2024-09-11T18:11:59Z,gym,0,80
2024-09-11T18:12:59Z,gym,0,80
2024-09-11T18:13:59Z,gym,0,80
2024-09-11T18:14:58Z,gym,0,80
2024-09-11T18:15:59Z,gym,0,80
2024-09-11T18:16:58Z,gym,0,80
2024-09-11T18:17:58Z,gym,0,80
2024-09-11T18:18:58Z,gym,0,80
2024-09-11T18:19:58Z,gym,0,80
2024-09-11T18:20:59Z,gym,0,80
2024-09-11T18:21:58Z,gym,0,80
2024-09-11T18:22:59Z,gym,0,80
2024-09-11T18:23:58Z,gym,0,80
2024-09-11T18:24:59Z,gym,0,80
2024-09-11T18:25:58Z,gym,0,80
2024-09-11T18:26:58Z,gym,0,80
2024-09-11T18:27:58Z,gym,0,80
2024-09-11T18:28:59Z,gym,0,80
2024-09-11T18:29:59Z,gym,0,80
2024-09-11T18:30:58Z,gym,0,80
2024-09-11T18:31:58Z,gym,0,80
2024-09-11T18:32:58Z,gym,0,80
2024-09-11T18:33:59Z,gym,0,80
2024-09-11T18:34:58Z,gym,0,80
2024-09-11T18:35:58Z,gym,0,80
2024-09-11T18:36:58Z,gym,0,80
2024-09-11T18:37:58Z,gym,0,80
2024-09-11T18:38:59Z,gym,0,80
2024-09-11T18:39:59Z,gym,0,80
2024-09-11T18:40:58Z,gym,0,80
2024-09-11T18:41:58Z,gym,0,80
2024-09-11T18:42:59Z,gym,0,80
2024-09-11T18:43:59Z,gym,0,80
2024-09-11T18:44:59Z,gym,0,80
2024-09-11T18:45:58Z,gym,0,80
2024-09-11T18:46:58Z,gym,0,80
2024-09-11T18:47:58Z,gym,0,80
2024-09-11T18:48:58Z,gym,0,80
2024-09-11T18:49:59Z,gym,0,80
2024-09-11T18:50:58Z,gym,0,80
2024-09-11T18:51:59Z,gym,0,80
2024-09-11T18:52:59Z,gym,0,80
2024-09-11T18:53:59Z,gym,0,80
2024-09-11T18:54:58Z,gym,0,80
2024-09-11T18:55:59Z,gym,0,80
2024-09-11T18:56:58Z,gym,0,80
2024-09-11T18:57:58Z,gym,0,80
2024-09-11T18:58:58Z,gym,0,80
2024-09-11T18:59:59Z,gym,0,80
2024-09-11T19:00:59Z,gym,0,80
2024-09-11T19:01:58Z,gym,0,80
2024-09-11T19:02:59Z,gym,0,80
2024-09-11T19:03:59Z,gym,0,80
2024-09-11T19:04:58Z,gym,0,80
2024-09-11T19:05:58Z,gym,0,80
2024-09-11T19:06:58Z,gym,0,80
2024-09-11T19:07:58Z,gym,0,80
2024-09-11T19:08:59Z,gym,0,80
2024-09-11T19:09:59Z,gym,0,80
2024-09-11T19:10:58Z,gym,0,80
2024-09-11T19:11:58Z,gym,0,80
2024-09-11T19:12:59Z,gym,0,80
2024-09-11T19:13:59Z,gym,0,80
2024-09-11T19:14:59Z,gym,0,80
2024-09-11T19:15:59Z,gym,0,80
2024-09-11T19:16:58Z,gym,0,80
2024-09-11T19:17:58Z,gym,0,80
2024-09-11T19:18:59Z,gym,0,80
2024-09-11T19:19:58Z,gym,0,80
2024-09-11T19:20:58Z,gym,0,80
2024-09-11T19:21:59Z,gym,0,80
2024-09-11T19:22:59Z,gym,0,80
2024-09-11T19:23:59Z,gym,0,80
2024-09-11T19:24:59Z,gym,0,80
2024-09-11T19:25:58Z,gym,0,80
2024-09-11T19:26:59Z,gym,0,80
2024-09-11T19:27:59Z,gym,0,80
2024-09-11T19:28:59Z,gym,0,80
2024-09-11T19:29:59Z,gym,0,80
2024-09-11T19:30:59Z,gym,0,80
2024-09-11T19:31:59Z,gym,0,80
2024-09-11T19:32:59Z,gym,0,80
2024-09-11T19:33:59Z,gym,0,80
2024-09-11T19:34:58Z,gym,0,80
2024-09-11T19:35:59Z,gym,0,80
2024-09-11T19:36:58Z,gym,0,80
2024-09-11T19:37:59Z,gym,0,80
2024-09-11T19:38:59Z,gym,0,80
2024-09-11T19:39:59Z,gym,0,80
2024-09-11T19:40:58Z,gym,0,80
2024-09-11T19:41:58Z,gym,0,80
2024-09-11T19:42:59Z,gym,0,80
2024-09-11T19:43:59Z,gym,0,80
2024-09-11T19:44:58Z,gym,0,80
2024-09-11T19:45:59Z,gym,0,80
2024-09-11T19:46:59Z,gym,0,80
2024-09-11T19:47:58Z,gym,0,80
2024-09-11T19:48:58Z,gym,0,80
2024-09-11T19:49:58Z,gym,0,80
2024-09-11T19:50:59Z,gym,0,80
2024-09-11T19:51:58Z,gym,0,80
2024-09-11T19:52:59Z,gym,0,80
2024-09-11T19:53:58Z,gym,0,80
2024-09-11T19:54:58Z,gym,0,80
2024-09-11T19:55:58Z,gym,0,80
2024-09-11T19:56:59Z,gym,0,80
2024-09-11T19:57:59Z,gym,0,80
2024-09-11T19:58:59Z,gym,0,80
2024-09-11T19:59:59Z,gym,0,80
2024-09-11T20:00:59Z,gym,0,80
2024-09-11T20:01:58Z,gym,0,80
2024-09-11T20:02:58Z,gym,0,80
2024-09-11T20:03:59Z,gym,0,80
2024-09-11T20:04:58Z,gym,0,80
2024-09-11T20:05:58Z,gym,0,80
2024-09-11T20:06:58Z,gym,0,80
2024-09-11T20:07:58Z,gym,0,80
2024-09-11T20:08:58Z,gym,0,80
2024-09-11T20:09:58Z,gym,0,80
2024-09-11T20:10:59Z,gym,0,80
2024-09-11T20:11:59Z,gym,0,80
2024-09-11T20:12:58Z,gym,0,80
2024-09-11T20:13:59Z,gym,0,80
2024-09-11T20:14:58Z,gym,0,80
2024-09-11T20:15:59Z,gym,0,80
2024-09-11T20:16:59Z,gym,0,80
2024-09-11T20:17:58Z,gym,0,80
2024-09-11T20:18:59Z,gym,0,80
2024-09-11T20:19:59Z,gym,0,80
2024-09-11T20:20:58Z,gym,0,80
2024-09-11T20:21:59Z,gym,0,80
2024-09-11T20:22:58Z,gym,0,80
2024-09-11T20:23:58Z,gym,0,80
2024-09-11T20:24:58Z,gym,0,80
2024-09-11T20:25:59Z,gym,0,80
2024-09-11T20:26:58Z,gym,0,80
2024-09-11T20:27:58Z,gym,0,80
2024-09-11T20:28:58Z,gym,0,80
2024-09-11T20:29:59Z,gym,0,80
2024-09-11T20:30:59Z,gym,0,80
2024-09-11T20:31:58Z,gym,0,80
2024-09-11T20:32:58Z,gym,0,80
2024-09-11T20:33:59Z,gym,0,80
2024-09-11T20:34:58Z,gym,0,80
2024-09-11T20:35:58Z,gym,0,80
2024-09-11T20:36:58Z,gym,0,80
2024-09-11T20:37:59Z,gym,0,80
2024-09-11T20:38:58Z,gym,0,80
2024-09-11T20:39:59Z,gym,0,80
2024-09-11T20:40:58Z,gym,0,80
2024-09-11T20:41:58Z,gym,0,80
2024-09-11T20:42:58Z,gym,0,80
